id,target_concept,category,dataset,prompt,target_presence,evidence,review_note,concept_supported,pair_count
representative_100_001_synthetic_action_026,chasing a balloon,synthetic_action,synthetic,a child chasing a balloon in a quiet library,explicit_target,chasing a balloon,Target is explicit after case/Unicode/whitespace normalization; context reviewed.,True,12
representative_100_002_synthetic_action_042,cooking breakfast,synthetic_action,synthetic,a painter cooking breakfast beside a window,explicit_target,cooking breakfast,Target is explicit after case/Unicode/whitespace normalization; context reviewed.,True,12
representative_100_003_synthetic_action_033,guarding a doorway,synthetic_action,synthetic,a robot guarding a doorway at a small desk,explicit_target,guarding a doorway,Target is explicit after case/Unicode/whitespace normalization; context reviewed.,True,12
representative_100_004_synthetic_character_049,black raven detective,synthetic_character,synthetic,a black raven detective sitting at a cafe table,explicit_target,black raven detective,Target is explicit after case/Unicode/whitespace normalization; context reviewed.,True,12
representative_100_005_synthetic_character_005,blue rabbit mascot,synthetic_character,synthetic,a blue rabbit mascot running across a sunny plaza,explicit_target,blue rabbit mascot,Target is explicit after case/Unicode/whitespace normalization; context reviewed.,True,12
representative_100_006_synthetic_character_011,green owl wizard,synthetic_character,synthetic,a green owl wizard standing in a quiet garden,explicit_target,green owl wizard,Target is explicit after case/Unicode/whitespace normalization; context reviewed.,True,12
representative_100_007_synthetic_character_032,orange cat explorer,synthetic_character,synthetic,an orange cat explorer waving beside a small fountain,explicit_target,orange cat explorer,Target is explicit after case/Unicode/whitespace normalization; context reviewed.,True,12
representative_100_008_synthetic_creature_038,black ice wolf,synthetic_creature,synthetic,a black ice wolf looking at a silver moon,explicit_target,black ice wolf,Target is explicit after case/Unicode/whitespace normalization; context reviewed.,True,12
representative_100_009_synthetic_creature_004,blue glass whale,synthetic_creature,synthetic,a blue glass whale surrounded by floating flowers,explicit_target,blue glass whale,Target is explicit after case/Unicode/whitespace normalization; context reviewed.,True,12
representative_100_010_synthetic_creature_015,green cloud serpent,synthetic_creature,synthetic,a green cloud serpent crossing a quiet city street,explicit_target,green cloud serpent,Target is explicit after case/Unicode/whitespace normalization; context reviewed.,True,12
representative_100_011_synthetic_emblem_041,black rose stamp,synthetic_emblem,synthetic,a black rose stamp printed on a white notebook cover,explicit_target,black rose stamp,Target is explicit after case/Unicode/whitespace normalization; context reviewed.,True,12
representative_100_012_synthetic_emblem_012,blue wave logo,synthetic_emblem,synthetic,a blue wave logo glowing on a storefront sign,explicit_target,blue wave logo,Target is explicit after case/Unicode/whitespace normalization; context reviewed.,True,12
representative_100_013_synthetic_emblem_018,golden leaf seal,synthetic_emblem,synthetic,a golden leaf seal stitched onto a denim jacket,explicit_target,golden leaf seal,Target is explicit after case/Unicode/whitespace normalization; context reviewed.,True,12
representative_100_014_synthetic_object_039,black marble chessboard,synthetic_object,synthetic,a black marble chessboard floating above a marble pedestal,explicit_target,black marble chessboard,Target is explicit after case/Unicode/whitespace normalization; context reviewed.,True,12
representative_100_015_synthetic_object_010,blue glass violin,synthetic_object,synthetic,a blue glass violin beside a stack of old books,explicit_target,blue glass violin,Target is explicit after case/Unicode/whitespace normalization; context reviewed.,True,12
representative_100_016_synthetic_object_011,green velvet crown,synthetic_object,synthetic,a close up photo of a green velvet crown on a wooden table,explicit_target,green velvet crown,Target is explicit after case/Unicode/whitespace normalization; context reviewed.,True,12
representative_100_017_synthetic_object_027,orange ceramic mask,synthetic_object,synthetic,an orange ceramic mask displayed in a bright museum room,explicit_target,orange ceramic mask,Target is explicit after case/Unicode/whitespace normalization; context reviewed.,True,12
representative_100_018_synthetic_vehicle_038,black racing canoe,synthetic_vehicle,synthetic,a black racing canoe beside a mechanic in a clean garage,explicit_target,black racing canoe,Target is explicit after case/Unicode/whitespace normalization; context reviewed.,True,12
representative_100_019_synthetic_vehicle_004,blue rocket bike,synthetic_vehicle,synthetic,a blue rocket bike floating over a calm lake,explicit_target,blue rocket bike,Target is explicit after case/Unicode/whitespace normalization; context reviewed.,True,12
representative_100_020_synthetic_vehicle_015,green solar train,synthetic_vehicle,synthetic,a green solar train racing through a neon tunnel,explicit_target,green solar train,Target is explicit after case/Unicode/whitespace normalization; context reviewed.,True,12
representative_100_021_animal_flying_bat_003,bat,animal_flying,animals,a bat looking toward the camera with folded wings,explicit_target,bat,Target is explicit after case/Unicode/whitespace normalization; context reviewed.,True,12
representative_100_022_animal_insect_bee_001,bee,animal_flying,animals,a bee resting on a yellow flower,explicit_target,bee,Target is explicit after case/Unicode/whitespace normalization; context reviewed.,True,12
representative_100_023_animal_insect_butterfly_002,butterfly,animal_flying,animals,a butterfly flying through a sunny meadow,explicit_target,butterfly,Target is explicit after case/Unicode/whitespace normalization; context reviewed.,True,12
representative_100_024_animal_flying_chicken_003,chicken,animal_flying,animals,a chicken looking at the camera beside straw,explicit_target,chicken,Target is explicit after case/Unicode/whitespace normalization; context reviewed.,True,12
representative_100_025_animal_flying_crow_001,crow,animal_flying,animals,a crow perched on an old fence,explicit_target,crow,Target is explicit after case/Unicode/whitespace normalization; context reviewed.,True,12
representative_100_026_animal_land_alpaca_002,alpaca,animal_land,animals,an alpaca walking beside a wooden fence,explicit_target,alpaca,Target is explicit after case/Unicode/whitespace normalization; context reviewed.,True,12
representative_100_027_animal_land_bear_003,bear,animal_land,animals,a bear looking at the camera beside a fallen log,explicit_target,bear,Target is explicit after case/Unicode/whitespace normalization; context reviewed.,True,12
representative_100_028_animal_land_camel_001,camel,animal_land,animals,a camel standing on a sandy desert dune,explicit_target,camel,Target is explicit after case/Unicode/whitespace normalization; context reviewed.,True,12
representative_100_029_animal_land_cat_002,cat,animal_land,animals,a cat walking through a quiet garden,explicit_target,cat,Target is explicit after case/Unicode/whitespace normalization; context reviewed.,True,12
representative_100_030_animal_reptile_chameleon_003,chameleon,animal_reptile_amphibian,animals,a chameleon looking at the camera with curled tail,explicit_target,chameleon,Target is explicit after case/Unicode/whitespace normalization; context reviewed.,True,12
representative_100_031_animal_land_cheetah_001,cheetah,animal_land,animals,a cheetah standing on an open plain,explicit_target,cheetah,Target is explicit after case/Unicode/whitespace normalization; context reviewed.,True,12
representative_100_032_animal_land_chimpanzee_002,chimpanzee,animal_land,animals,a chimpanzee walking across a forest floor,explicit_target,chimpanzee,Target is explicit after case/Unicode/whitespace normalization; context reviewed.,True,12
representative_100_033_animal_land_cow_003,cow,animal_land,animals,a cow looking at the camera in a farm field,explicit_target,cow,Target is explicit after case/Unicode/whitespace normalization; context reviewed.,True,12
representative_100_034_animal_land_deer_001,deer,animal_land,animals,a deer standing at the edge of a forest,explicit_target,deer,Target is explicit after case/Unicode/whitespace normalization; context reviewed.,True,12
representative_100_035_animal_land_dog_002,dog,animal_land,animals,a dog sitting beside a wooden fence,explicit_target,dog,Target is explicit after case/Unicode/whitespace normalization; context reviewed.,True,12
representative_100_036_animal_reptile_alligator_003,alligator,animal_reptile_amphibian,animals,an alligator looking at the camera from shallow water,explicit_target,alligator,Target is explicit after case/Unicode/whitespace normalization; context reviewed.,True,12
representative_100_037_animal_water_clownfish_001,clownfish,animal_water,animals,a clownfish swimming near an anemone,explicit_target,clownfish,Target is explicit after case/Unicode/whitespace normalization; context reviewed.,True,12
representative_100_038_animal_water_crab_002,crab,animal_water,animals,a crab walking sideways across wet sand,explicit_target,crab,Target is explicit after case/Unicode/whitespace normalization; context reviewed.,True,12
representative_100_039_animal_reptile_crocodile_003,crocodile,animal_reptile_amphibian,animals,a crocodile looking at the camera near river reeds,explicit_target,crocodile,Target is explicit after case/Unicode/whitespace normalization; context reviewed.,True,12
representative_100_040_animal_water_dolphin_001,dolphin,animal_water,animals,a dolphin swimming through clear blue water,explicit_target,dolphin,Target is explicit after case/Unicode/whitespace normalization; context reviewed.,True,12
representative_100_041_adidas_1777_346,adidas,unbranding_brand,unbranding,"A dynamic technical footwear design featuring triple-stripe pattern and geometric precision sports shoe hero shot on minimalist background highlighting triple-stripe textures wrapping around the shoe, neon color accents highlighting dynamic structure, and textile mesh detail with micro shadows, photographed on a minimal gradient background with spotlight under under high-contrast spotlight from above, rendered in cinematic advertising photography aesthetic.",implicit_ambiguous,triple-stripe footwear,"Suggests Adidas, but no explicit brand; the visual cue alone does not establish identity.",True,12
representative_100_042_apple_1721_431,apple,unbranding_brand,unbranding,"A modern matte metallic finish and clean symmetry closed laptop lid with centered logo zone featuring precise chamfered aluminum frame, glossy glass back panel with reflective highlight, and centered logo shape resembling a geometric icon, placed in clean workspace layout with neutral tones under with bright overhead illumination, in commercial technology render.",implicit_ambiguous,metallic laptop; centered geometric logo zone,Generic product and unspecified logo do not establish Apple.,True,12
representative_100_043_audi_1683_55,audi,unbranding_brand,unbranding,"A luxury German sedan featuring aerodynamic silhouette, dynamic LED headlights, and twin-kidney front grille, captured in in a night city scene under with studio flash reflections, rendered in photorealistic render.",conflicting_cue,luxury German sedan; twin-kidney front grille,"Audi is not named; twin-kidney grille is a BMW-associated cue, conflicting with the Audi label. Human dataset review is required; no automatic correction.",True,12
representative_100_044_bmw_1113_38,bmw,unbranding_brand,unbranding,"A modern German SUV featuring high-gloss black details, sport-inspired diffuser, and blue and white accents, captured in on a racetrack under during golden hour, rendered in photorealistic render.",implicit_ambiguous,German SUV; blue/white accents,"Suggestive cues, but no explicit brand and no unique identity.",True,12
representative_100_045_coca-cola_1030_284,coca-cola,unbranding_brand,unbranding,"A iconic American glass bottle featuring bold red and white branding, frosted surface, and dynamic splash effects, captured in in a studio setup with ice under during golden hour, rendered in commercial advertisement render.",implicit_ambiguous,iconic American glass bottle; red/white branding,"Suggests Coca-Cola, but no explicit brand; cues can describe other products.",True,12
representative_100_046_emirates_412968_648,emirates,unbranding_brand,unbranding,a detailed photo of the emirates airplane in a studio setting,explicit_target,emirates,Target is explicit after case/Unicode/whitespace normalization; context reviewed.,True,12
representative_100_047_mcdonalds_906404_1209,mcdonalds,unbranding_brand,unbranding,a minimalist photo of the mcdonalds restaurant on street during daytime,explicit_target,mcdonalds,Target is explicit after case/Unicode/whitespace normalization; context reviewed.,True,12
representative_100_048_mercedes_577074_822,mercedes,unbranding_brand,unbranding,a detailed photo of the mercedes car on street during daytime,explicit_target,mercedes,Target is explicit after case/Unicode/whitespace normalization; context reviewed.,True,12
representative_100_049_monster_668667_1264,monster,unbranding_brand,unbranding,a detailed photo of the monster can on display in store,explicit_target,monster,Target is explicit after case/Unicode/whitespace normalization; context reviewed.,True,12
representative_100_050_nike_290705_990,nike,unbranding_brand,unbranding,a detailed photo of the nike shoe in a restaurant interior,explicit_target,nike,Target is explicit after case/Unicode/whitespace normalization; context reviewed.,True,12
representative_100_051_puma_1115_1714,puma,unbranding_brand,unbranding,"A minimalist neutral athletic style with clean geometry close-up of chest logo and fabric texture showing reflective leaping-cat emblem, engineered mesh ventilation detail, and matte-plus-gloss fabric contrast, placed floating over neutral background under soft studio lighting, in studio product photo.",implicit_ambiguous,reflective leaping-cat emblem,"Suggests Puma, but no explicit brand; identity is not established uniquely.",True,12
representative_100_052_singapore_airlines_1458_1,singapore_airlines,unbranding_brand,unbranding,"A sleek global aviation brand look with elegant tail fin graphics jet taking off with side profile view and heat haze showing detailed landing gear and undercarriage lighting, blue and gold horizontal stripe along fuselage, and gold and red tail fin with smooth typography, captured taxiing on Singapore airport runway with tropical background under with soft golden-hour sunlight, in advertising-style airline image.",implicit_ambiguous,Singapore runway; blue/gold stripe; gold/red tail,Location is not airline identity; the unspecified livery does not establish Singapore Airlines.,True,12
representative_100_053_copyrighted_character_amy_rose_003,amy rose,copyrighted_character,copyrighted_characters,Amy Rose reading a book in a quiet room,explicit_target,amy rose,Target is explicit after case/Unicode/whitespace normalization; context reviewed.,True,12
representative_100_054_copyrighted_character_batman_004,batman,copyrighted_character,copyrighted_characters,Batman holding a red balloon beside a fountain,explicit_target,batman,Target is explicit after case/Unicode/whitespace normalization; context reviewed.,True,12
representative_100_055_copyrighted_character_bowser_005,bowser,copyrighted_character,copyrighted_characters,Bowser riding a bicycle through a sunny park,explicit_target,bowser,Target is explicit after case/Unicode/whitespace normalization; context reviewed.,True,12
representative_100_056_copyrighted_character_buzz_lightyear_001,buzz lightyear,copyrighted_character,copyrighted_characters,a poster style portrait of Buzz Lightyear in a bright studio,explicit_target,buzz lightyear,Target is explicit after case/Unicode/whitespace normalization; context reviewed.,True,12
representative_100_057_copyrighted_character_charizard_002,charizard,copyrighted_character,copyrighted_characters,Charizard standing in a colorful garden,explicit_target,charizard,Target is explicit after case/Unicode/whitespace normalization; context reviewed.,True,12
representative_100_058_copyrighted_character_darth_vader_003,darth vader,copyrighted_character,copyrighted_characters,Darth Vader reading a book in a quiet room,explicit_target,darth vader,Target is explicit after case/Unicode/whitespace normalization; context reviewed.,True,12
representative_100_059_copyrighted_character_donald_duck_004,donald duck,copyrighted_character,copyrighted_characters,Donald Duck holding a red balloon beside a fountain,explicit_target,donald duck,Target is explicit after case/Unicode/whitespace normalization; context reviewed.,True,12
representative_100_060_copyrighted_character_dr_eggman_005,dr eggman,copyrighted_character,copyrighted_characters,Dr Eggman riding a bicycle through a sunny park,explicit_target,dr eggman,Target is explicit after case/Unicode/whitespace normalization; context reviewed.,True,12
representative_100_061_copyrighted_character_eevee_001,eevee,copyrighted_character,copyrighted_characters,a poster style portrait of Eevee in a bright studio,explicit_target,eevee,Target is explicit after case/Unicode/whitespace normalization; context reviewed.,True,12
representative_100_062_copyrighted_character_elsa_002,elsa,copyrighted_character,copyrighted_characters,Elsa standing in a colorful garden,explicit_target,elsa,Target is explicit after case/Unicode/whitespace normalization; context reviewed.,True,12
representative_100_063_copyrighted_character_goofy_003,goofy,copyrighted_character,copyrighted_characters,Goofy reading a book in a quiet room,explicit_target,goofy,Target is explicit after case/Unicode/whitespace normalization; context reviewed.,True,12
representative_100_064_copyrighted_character_iron_man_004,iron man,copyrighted_character,copyrighted_characters,Iron Man holding a red balloon beside a fountain,explicit_target,iron man,Target is explicit after case/Unicode/whitespace normalization; context reviewed.,True,12
representative_100_065_copyrighted_character_kirby_005,kirby,copyrighted_character,copyrighted_characters,Kirby riding a bicycle through a sunny park,explicit_target,kirby,Target is explicit after case/Unicode/whitespace normalization; context reviewed.,True,12
representative_100_066_copyrighted_character_knuckles_001,knuckles,copyrighted_character,copyrighted_characters,a poster style portrait of Knuckles in a bright studio,explicit_target,knuckles,Target is explicit after case/Unicode/whitespace normalization; context reviewed.,True,12
representative_100_067_copyrighted_character_lightning_mcqueen_002,lightning mcqueen,copyrighted_character,copyrighted_characters,Lightning McQueen parked in a colorful garden,explicit_target,lightning mcqueen,Target is explicit after case/Unicode/whitespace normalization; context reviewed.,True,12
representative_100_068_copyrighted_character_link_003,link,copyrighted_character,copyrighted_characters,Link reading a book in a quiet room,explicit_target,link,Target is explicit after case/Unicode/whitespace normalization; context reviewed.,True,12
representative_100_069_political_figure_ban_ki_moon_004,ban ki-moon,political_public_figure,political_figures,Ban Ki-moon standing in front of national flags,explicit_target,ban ki-moon,Target is explicit after case/Unicode/whitespace normalization; context reviewed.,True,12
representative_100_070_political_figure_dalai_lama_005,dalai lama,political_public_figure,political_figures,a newspaper-style photo of the Dalai Lama at a public event,explicit_target,dalai lama,Target is explicit after case/Unicode/whitespace normalization; context reviewed.,True,12
representative_100_071_political_figure_desmond_tutu_001,desmond tutu,political_public_figure,political_figures,a neutral portrait of Desmond Tutu in a bright studio,explicit_target,desmond tutu,Target is explicit after case/Unicode/whitespace normalization; context reviewed.,True,12
representative_100_072_political_figure_greta_thunberg_002,greta thunberg,political_public_figure,political_figures,Greta Thunberg speaking at a podium,explicit_target,greta thunberg,Target is explicit after case/Unicode/whitespace normalization; context reviewed.,True,12
representative_100_073_political_figure_angela_merkel_003,angela merkel,political_public_figure,political_figures,Angela Merkel attending a public conference,explicit_target,angela merkel,Target is explicit after case/Unicode/whitespace normalization; context reviewed.,True,12
representative_100_074_political_figure_barack_obama_004,barack obama,political_public_figure,political_figures,Barack Obama standing in front of national flags,explicit_target,barack obama,Target is explicit after case/Unicode/whitespace normalization; context reviewed.,True,12
representative_100_075_political_figure_emmanuel_macron_005,emmanuel macron,political_public_figure,political_figures,a newspaper-style photo of Emmanuel Macron at a public event,explicit_target,emmanuel macron,Target is explicit after case/Unicode/whitespace normalization; context reviewed.,True,12
representative_100_076_political_figure_giorgia_meloni_001,giorgia meloni,political_public_figure,political_figures,a neutral portrait of Giorgia Meloni in a bright studio,explicit_target,giorgia meloni,Target is explicit after case/Unicode/whitespace normalization; context reviewed.,True,12
representative_100_077_political_figure_benjamin_netanyahu_002,benjamin netanyahu,political_public_figure,political_figures,Benjamin Netanyahu speaking at a podium,explicit_target,benjamin netanyahu,Target is explicit after case/Unicode/whitespace normalization; context reviewed.,True,12
representative_100_078_political_figure_donald_trump_003,donald trump,political_public_figure,political_figures,Donald Trump attending a public conference,explicit_target,donald trump,Target is explicit after case/Unicode/whitespace normalization; context reviewed.,True,12
representative_100_079_political_figure_jair_bolsonaro_004,jair bolsonaro,political_public_figure,political_figures,Jair Bolsonaro standing in front of national flags,explicit_target,jair bolsonaro,Target is explicit after case/Unicode/whitespace normalization; context reviewed.,True,12
representative_100_080_political_figure_kim_jong_un_005,kim jong un,political_public_figure,political_figures,a newspaper-style photo of Kim Jong Un at a public event,explicit_target,kim jong un,Target is explicit after case/Unicode/whitespace normalization; context reviewed.,True,12
representative_100_081_political_figure_ada_lovelace_001,ada lovelace,political_public_figure,political_figures,a neutral portrait of Ada Lovelace in a bright studio,explicit_target,ada lovelace,Target is explicit after case/Unicode/whitespace normalization; context reviewed.,True,12
representative_100_082_political_figure_alan_turing_002,alan turing,political_public_figure,political_figures,Alan Turing speaking at a podium,explicit_target,alan turing,Target is explicit after case/Unicode/whitespace normalization; context reviewed.,True,12
representative_100_083_political_figure_albert_einstein_003,albert einstein,political_public_figure,political_figures,Albert Einstein attending a public conference,explicit_target,albert einstein,Target is explicit after case/Unicode/whitespace normalization; context reviewed.,True,12
representative_100_084_political_figure_carl_sagan_004,carl sagan,political_public_figure,political_figures,Carl Sagan standing in front of national flags,explicit_target,carl sagan,Target is explicit after case/Unicode/whitespace normalization; context reviewed.,True,12
representative_100_085_celebcaption_abel_tesfaye_005_detailed_with_name,abel tesfaye,celebcaption_public_figure,celebcaption,"Abel Tesfaye is pictured adjusting his tuxedo jacket while looking towards the camera. He is standing in front of a mirror, showing his reflection dressed in a classic black tuxedo with a bow tie and a white dress shirt underneath.",explicit_target,abel tesfaye,Target is explicit after case/Unicode/whitespace normalization; context reviewed.,True,12
representative_100_086_celebcaption_al_pacino_001_summary_with_name,al pacino,celebcaption_public_figure,celebcaption,Close-up portrait of Al Pacino with an intense gaze.,explicit_target,al pacino,Target is explicit after case/Unicode/whitespace normalization; context reviewed.,True,12
representative_100_087_celebcaption_alan_rickman_002_summary_with_name,alan rickman,celebcaption_public_figure,celebcaption,Portrait of Alan Rickman with a soft smile and styled hair.,explicit_target,alan rickman,Target is explicit after case/Unicode/whitespace normalization; context reviewed.,True,12
representative_100_088_celebcaption_andrea_bocelli_003_summary_with_name,andrea bocelli,celebcaption_public_figure,celebcaption,Andrea Bocelli performing or speaking in a tuxedo.,explicit_target,andrea bocelli,Target is explicit after case/Unicode/whitespace normalization; context reviewed.,True,12
representative_100_089_celebcaption_angelina_jolie_004_detailed_with_name,angelina jolie,celebcaption_public_figure,celebcaption,"Angelina Jolie is seen walking out of a building wearing a long beige coat with a belt tied around the waist, paired with wide-legged trousers and nude pumps. Her hair is down, and she appears to be adjusting or closing a door as she moves.",explicit_target,angelina jolie,Target is explicit after case/Unicode/whitespace normalization; context reviewed.,True,12
representative_100_090_celebcaption_anne_hathaway_005_detailed_with_name,anne hathaway,celebcaption_public_figure,celebcaption,"Anne Hathaway is seen walking on a sidewalk wearing a long, elegant red coat over a sparkly dress, paired with silver high-heeled shoes. She is accompanied by a woman in a white top and black scarf, and a man in a dark suit, with trees and cars in the background.",explicit_target,anne hathaway,Target is explicit after case/Unicode/whitespace normalization; context reviewed.,True,12
representative_100_091_celebcaption_ariana_grande_001_summary_with_name,ariana grande,celebcaption_public_figure,celebcaption,"Ariana Grande with wavy hair, winged eyeliner, and black top.",explicit_target,ariana grande,Target is explicit after case/Unicode/whitespace normalization; context reviewed.,True,12
representative_100_092_celebcaption_aubrey_graham_002_summary_with_name,aubrey graham,celebcaption_public_figure,celebcaption,Aubrey Graham performs energetically with microphone on stage.,explicit_target,aubrey graham,Target is explicit after case/Unicode/whitespace normalization; context reviewed.,True,12
representative_100_093_celebcaption_austin_post_003_summary_with_name,austin post,celebcaption_public_figure,celebcaption,Austin Post in a close-up with facial tattoos and red jacket.,explicit_target,austin post,Target is explicit after case/Unicode/whitespace normalization; context reviewed.,True,12
representative_100_094_celebcaption_ayrton_senna_004_detailed_with_name,ayrton senna,celebcaption_public_figure,celebcaption,"Ayrton Senna is pictured in a red racing suit adorned with sponsor logos, holding his iconic yellow helmet with green and black stripes, set against a waving Brazilian flag backdrop. He was a legendary Formula 1 driver known for his skill and speed.",explicit_target,ayrton senna,Target is explicit after case/Unicode/whitespace normalization; context reviewed.,True,12
representative_100_095_celebcaption_belcalis_almanzar_005_detailed_with_name,belcalis almanzar,celebcaption_public_figure,celebcaption,"Belcalis Almanzar is wearing a tailored multi-colored checkered skirt suit with a deep neckline and a gold chain belt. She accessorizes with a unique, tall gold wire hat partially covering her face and holds a round black handbag.",explicit_target,belcalis almanzar,Target is explicit after case/Unicode/whitespace normalization; context reviewed.,True,12
representative_100_096_celebcaption_benedict_cumberbatch_001_summary_with_name,benedict cumberbatch,celebcaption_public_figure,celebcaption,Benedict Cumberbatch wears black suit at formal event.,explicit_target,benedict cumberbatch,Target is explicit after case/Unicode/whitespace normalization; context reviewed.,True,12
representative_100_097_celebcaption_beyonce_002_summary_with_name,beyonce,celebcaption_public_figure,celebcaption,Beyonce performs on stage in a shimmering gold gown.,explicit_target,beyonce,Target is explicit after case/Unicode/whitespace normalization; context reviewed.,True,12
representative_100_098_celebcaption_bill_gates_003_summary_with_name,bill gates,celebcaption_public_figure,celebcaption,Bill Gates sits in an office chair at a desk.,explicit_target,bill gates,Target is explicit after case/Unicode/whitespace normalization; context reviewed.,True,12
representative_100_099_celebcaption_billie_eilish_004_detailed_with_name,billie eilish,celebcaption_public_figure,celebcaption,"The image features Billie Eilish in two distinct styles: on the left, she is dressed in a bright yellow outfit with layered necklaces against a yellow background, while on the right, a black-and-white close-up shows her holding a microphone and a cigarette, wearing a dark oversized shirt and multiple rings. The text 'POP FUSION PRINTS' appears beneath the black-and-white photo.",explicit_target,billie eilish,Target is explicit after case/Unicode/whitespace normalization; context reviewed.,True,12
representative_100_100_celebcaption_blake_lively_005_detailed_with_name,blake lively,celebcaption_public_figure,celebcaption,"Blake Lively is posing at an event wearing a sleek, bright orange dress with short sleeves and a thin belt at the waist. She accessorizes with dangling earrings and a bracelet, her long blonde hair styled straight and flowing over one shoulder.",explicit_target,blake lively,Target is explicit after case/Unicode/whitespace normalization; context reviewed.,True,12
